{
  "aaron mccann": {
    "cached_at": 1771840869.536647,
    "expires_at": 1781258469.536669,
    "genres": []
  },
  "acopia": {
    "cached_at": 1771840864.7327118,
    "expires_at": 1780135264.7327466,
    "genres": [
      "ambient",
      "dream pop"
    ]
  },
  "aeon": {
    "cached_at": 1771840826.5817966,
    "expires_at": 1781258426.5818138,
    "genres": [
      "death metal"
    ]
  },
  "against the current": {
    "cached_at": 1771840872.7275364,
    "expires_at": 1781172072.72756,
    "genres": [
      "rock",
      "alternative rock",
      "pop"
    ]
  },
  "all your friends": {
    "cached_at": 1771795340.2144322,
    "expires_at": 1781385740.214435,
    "genres": []
  },
  "allegra krieger": {
    "cached_at": 1771795340.2144322,
    "expires_at": 1781558540.2144804,
    "genres": []
  },
  "amber mark": {
    "cached_at": 1771795340.2144322,
    "expires_at": 1781644940.2144856,
    "genres": []
  },
  "amie blu": {
    "cached_at": 1771840885.5960212,
    "expires_at": 1781431285.596041,
    "genres": []
  },
  "ariel elias": {
    "cached_at": 1771795340.2144322,
    "expires_at": 1780348940.2144887,
    "genres": []
  },
  "arlo": {
    "cached_at": 1771840815.3428383,
    "expires_at": 1779962415.3428571,
    "genres": [
      "folk"
    ]
  },
  "beauty school dropout": {
    "cached_at": 1771795340.2144322,
    "expires_at": 1780867340.214491,
    "genres": [
      "rock"
    ]
  },
  "bjrnck": {
    "cached_at": 1771795340.2144322,
    "expires_at": 1781990540.2144933,
    "genres": []
  },
  "bryce vine": {
    "cached_at": 1771795340.2144322,
    "expires_at": 1781126540.2144954,
    "genres": [
      "hip hop"
    ]
  },
  "camoufly": {
    "cached_at": 1771795340.2144322,
    "expires_at": 1779744140.2144973,
    "genres": [
      "electronic",
      "pop",
      "dance"
    ]
  },
  "cass mccombs": {
    "cached_at": 1771840882.3527105,
    "expires_at": 1779962482.3527484,
    "genres": [
      "4ad",
      "rock and indie",
      "rock"
    ]
  },
  "cat power": {
    "cached_at": 1771795340.2144322,
    "expires_at": 1781644940.214499,
    "genres": [
      "indie rock",
      "folk",
      "indie folk"
    ]
  },
  "clinton kane": {
    "cached_at": 1771795340.2144322,
    "expires_at": 1779830540.214501,
    "genres": []
  },
  "cyberia": {
    "cached_at": 1771840895.1995013,
    "expires_at": 1781863295.199518,
    "genres": []
  },
  "dan reeder": {
    "cached_at": 1771840845.6838713,
    "expires_at": 1780135245.683892,
    "genres": []
  },
  "dessa": {
    "cached_at": 1771840888.8086493,
    "expires_at": 1780826488.8086674,
    "genres": [
      "hip hop"
    ]
  },
  "dj tokyo rose": {
    "cached_at": 1771795340.2144322,
    "expires_at": 1781990540.2145026,
    "genres": []
  },
  "dodie": {
    "cached_at": 1771840804.1173298,
    "expires_at": 1780480804.117352,
    "genres": [
      "indie pop",
      "singer-songwriter",
      "bedroom pop"
    ]
  },
  "dr. gabba": {
    "cached_at": 1771840851.91747,
    "expires_at": 1780653651.917487,
    "genres": []
  },
  "dream, ivory": {
    "cached_at": 1771840842.4853082,
    "expires_at": 1780653642.4853284,
    "genres": []
  },
  "e.a.r": {
    "cached_at": 1771840880.7444427,
    "expires_at": 1780567280.7444615,
    "genres": []
  },
  "ear (usa)": {
    "cached_at": 1771840879.1184556,
    "expires_at": 1780740079.118476,
    "genres": []
  },
  "ed gamble": {
    "cached_at": 1771795340.2144322,
    "expires_at": 1781731340.2145045,
    "genres": []
  },
  "emmy meli": {
    "cached_at": 1771840805.7124903,
    "expires_at": 1780308005.7125072,
    "genres": [
      "pop"
    ]
  },
  "emo night brooklyn": {
    "cached_at": 1771795340.2144322,
    "expires_at": 1779744140.2145064,
    "genres": []
  },
  "eric hutchinson": {
    "cached_at": 1771795340.2144322,
    "expires_at": 1781212940.2145083,
    "genres": [
      "pop",
      "folk",
      "power pop"
    ]
  },
  "gabi hartmann": {
    "cached_at": 1771840832.9918642,
    "expires_at": 1779876032.9918833,
    "genres": [
      "jazz"
    ]
  },
  "gary bartz": {
    "cached_at": 1771795340.2144322,
    "expires_at": 1781558540.21451,
    "genres": [
      "jazz",
      "free funk",
      "modern creative"
    ]
  },
  "gimme gimme disco": {
    "cached_at": 1771840820.138052,
    "expires_at": 1779703220.138071,
    "genres": []
  },
  "glitterer": {
    "cached_at": 1771840840.8461828,
    "expires_at": 1780740040.846201,
    "genres": []
  },
  "guitarricadelafuente": {
    "cached_at": 1771795340.2144322,
    "expires_at": 1781472140.2145119,
    "genres": [
      "queer",
      "spanish"
    ]
  },
  "gurriers": {
    "cached_at": 1771840861.3385913,
    "expires_at": 1780826461.3386052,
    "genres": [
      "alternative rock",
      "indie rock",
      "post-punk"
    ]
  },
  "herbert holler": {
    "cached_at": 1771795340.2144322,
    "expires_at": 1780521740.2145138,
    "genres": []
  },
  "humble the great": {
    "cached_at": 1771840813.7395468,
    "expires_at": 1780048813.7395654,
    "genres": []
  },
  "idk": {
    "cached_at": 1771795340.2144322,
    "expires_at": 1779744140.2145154,
    "genres": [
      "trap",
      "hip hop"
    ]
  },
  "imanu": {
    "cached_at": 1771840824.9788048,
    "expires_at": 1779616824.9788249,
    "genres": [
      "drum and bass",
      "electronic",
      "house"
    ]
  },
  "in-zo": {
    "cached_at": 1771795340.2144322,
    "expires_at": 1780435340.2145176,
    "genres": []
  },
  "inzo (us)": {
    "cached_at": 1771795340.2144322,
    "expires_at": 1779916940.2145193,
    "genres": []
  },
  "jesse baez": {
    "cached_at": 1771795340.2144322,
    "expires_at": 1780953740.214521,
    "genres": [
      "contemporary r&b",
      "trap edm",
      "r&b"
    ]
  },
  "jessica audiffred": {
    "cached_at": 1771840893.6020672,
    "expires_at": 1779876093.6020882,
    "genres": []
  },
  "joanna wang": {
    "cached_at": 1771840892.0033314,
    "expires_at": 1780912892.00335,
    "genres": []
  },
  "joey valence & brae": {
    "cached_at": 1771795340.2144322,
    "expires_at": 1780176140.2145226,
    "genres": [
      "hip hop",
      "rap rock",
      "boom bap"
    ]
  },
  "jordana": {
    "cached_at": 1771840896.7963614,
    "expires_at": 1780480896.796378,
    "genres": [
      "indie rock",
      "indie pop",
      "bedroom pop"
    ]
  },
  "juice": {
    "cached_at": 1771795340.2144322,
    "expires_at": 1779657740.2145247,
    "genres": [
      "j-pop",
      "hello project",
      "girl group"
    ]
  },
  "kaiju big battel": {
    "cached_at": 1771795340.2144322,
    "expires_at": 1780953740.2145264,
    "genres": []
  },
  "kaivon": {
    "cached_at": 1771840890.4084916,
    "expires_at": 1779962490.4085083,
    "genres": []
  },
  "labiahead": {
    "cached_at": 1771840802.5165505,
    "expires_at": 1780826402.5165792,
    "genres": []
  },
  "landon conrath": {
    "cached_at": 1771840812.139475,
    "expires_at": 1781863212.1394942,
    "genres": []
  },
  "lindsay ell": {
    "cached_at": 1771795340.2144322,
    "expires_at": 1780435340.214528,
    "genres": [
      "country"
    ]
  },
  "lots of hands": {
    "cached_at": 1771795340.2144322,
    "expires_at": 1779744140.2145462,
    "genres": []
  },
  "lykn": {
    "cached_at": 1771840831.379237,
    "expires_at": 1780912831.379255,
    "genres": []
  },
  "lynch mob": {
    "cached_at": 1771795340.2144322,
    "expires_at": 1779830540.214548,
    "genres": [
      "hard rock",
      "rock",
      "heavy metal"
    ]
  },
  "mariah the scientist": {
    "cached_at": 1771840808.9303396,
    "expires_at": 1781517608.9303617,
    "genres": [
      "r&b",
      "contemporary r&b",
      "r&b/soul"
    ]
  },
  "mary droppinz": {
    "cached_at": 1771840816.9396524,
    "expires_at": 1780999216.9397395,
    "genres": []
  },
  "michael shannon": {
    "cached_at": 1771795340.2144322,
    "expires_at": 1781299340.21455,
    "genres": []
  },